close,high,low,open,volume,rsi,macd,macd_signal,macd_hist,ema20,bb_upper,bb_middle,bb_lower,obv,EPS,ROE,PER,DebtEquity,DividendYield
0.0135371351797898,0.011838983671522058,0.0,0.012507035623319784,0.0008950730298222059,0.9249995154098519,0.682454739561418,0.638026045479511,0.24470679999777487,0.0,0.0,0.0,0.0,0.17845038806320515,,,,,0.0
0.01019957994675974,0.008569128793572661,0.006918650655246189,0.008112680123940452,0.0028072745026241916,0.9249995154098519,0.682454739561418,0.638026045479511,0.24470679999777487,0.0,0.0,0.0,0.0,0.17736469138338296,,,,,0.0
0.0,0.0,0.0011373122243969191,0.0,0.001586720371048456,0.9249995154098519,0.682454739561418,0.638026045479511,0.24470679999777487,0.0,0.0,0.0,0.0,0.1767191420061914,,,,,0.0
0.012708607194744731,0.010136415264820176,0.011491573374542402,0.007830975983116412,0.0,0.9249995154098519,0.682454739561418,0.638026045479511,0.24470679999777487,0.0,0.0,0.0,0.0,0.17679249988996315,,,,,0.0
0.031158831897126454,0.03393840825287078,0.03388226999308411,0.034591519761278,0.0008950730298222059,0.9249995154098519,0.682454739561418,0.638026045479511,0.24470679999777487,0.0,0.0,0.0,0.0,0.17718863246233071,,,,,0.0
0.03695878806690661,0.03356631939421284,0.0321052385727322,0.02929575652730096,0.00020342568859595592,0.9249995154098519,0.682454739561418,0.638026045479511,0.24470679999777487,0.0,0.0,0.0,0.0,0.17733534822987426,,,,,0.0
0.04049478398818265,0.03698270815742108,0.03595551894697785,0.03059156618714301,0.00020342568859595592,0.9249995154098519,0.682454739561418,0.638026045479511,0.24470679999777487,0.0,0.0,0.0,0.0,0.17748206399741778,,,,,0.0
0.05095114328533154,0.04708537490313272,0.0421751535313325,0.03650705285688488,0.0004068513771919119,0.9249995154098519,0.682454739561418,0.638026045479511,0.24470679999777487,0.0,0.0,0.0,0.0,0.1777021376487331,,,,,0.0
0.059785249026517745,0.05562066178103456,0.054140532121297935,0.04788730945996622,4.068513771919116e-05,0.9249995154098519,0.682454739561418,0.638026045479511,0.24470679999777487,0.0,0.0,0.0,0.0,0.1777901671092592,,,,,0.0
0.07795541840495926,0.07317621440952751,0.0716740182343798,0.06597181554431991,0.0006916473412262502,0.9249995154098519,0.682454739561418,0.638026045479511,0.24470679999777487,0.0,0.0,0.0,0.0,0.178112941797855,,,,,0.0
0.07105844254883661,0.06956814052645119,0.07438691873754355,0.07019716434895085,0.000447536514911103,0.9249995154098519,0.682454739561418,0.638026045479511,0.24470679999777487,0.0,0.0,0.0,0.0,0.17787819656978535,,,,,0.0
0.056167601287481134,0.05660161514369885,0.059270272611202046,0.05633801348937506,0.0006102770657878678,0.9249995154098519,0.682454739561418,0.638026045479511,0.24470679999777487,0.0,0.0,0.0,0.0,0.17758476503469828,,,,,0.0
0.08115298315808558,0.07626561963946035,0.06168705306271044,0.05588728786840763,0.0021563122991171326,0.9249995154098519,0.682454739561418,0.638026045479511,0.24470679999777487,0.0,0.0,0.0,0.0,0.1784357164864508,,,,,0.0
0.11109819240871602,0.10982074633870628,0.08772660314776892,0.07983097958262303,0.0028072745026241916,0.9249995154098519,0.682454739561418,0.638026045479511,0.24470679999777487,0.0,0.0,0.0,0.0,0.17952141316627296,,,,,0.0
0.11657135539712196,0.11128654064724555,0.11586304859597063,0.10659151763761332,0.0016680906464868383,0.9249995154098519,0.682454739561418,0.638026045479511,0.24470679999777487,0.0,0.0,0.0,0.0,0.18019630569697323,,,,,0.0
0.11845027675727468,0.11230131017395759,0.10780718074268664,0.0989295918037103,0.0021969974368363236,0.930584516996073,0.682454739561418,0.638026045479511,0.24470679999777487,0.0,0.0,0.0,0.0,0.1810619287254801,,,,,0.0
0.12906988391684512,0.1234637525479794,0.12522213713065378,0.12405633993126586,0.0028479596403433827,0.9609802803411475,0.682454739561418,0.638026045479511,0.24470679999777487,0.0,0.0,0.0,0.0,0.18216229698205666,,,,,0.0
0.1450460882867344,0.14488666858610325,0.13031637427599319,0.12033805760455613,0.004353309735953457,1.0,0.682454739561418,0.638026045479511,0.24470679999777487,0.0,0.0,0.0,0.0,0.18380551357854427,,,,,0.0
0.115649463243408,0.12865031501180293,0.11574460729717956,0.12608453359427635,0.003620977257008015,0.6828900299025668,0.682454739561418,0.638026045479511,0.24470679999777487,0.0,0.0,0.0,0.0,0.182426385363635,,,,,0.0
0.12160115942606656,0.1155147446842911,0.11455990487937806,0.10963376971897693,0.0028886447780625737,0.7075370760951624,0.682454739561418,0.638026045479511,0.24470679999777487,0.0,0.0,0.0,0.0,0.1835414251969659,,,,,0.0
0.15820984115598155,0.1554853990038785,0.13114560789535268,0.12112674066220108,0.005329753041214045,0.8296360594639626,0.682454739561418,0.638026045479511,0.24470679999777487,0.009858390771780523,0.01206153903119861,0.008566217202511162,0.003967021304579904,0.18553675963555802,,,,,0.0
0.177908714011385,0.17296197994506932,0.1678711123636633,0.1560563220026101,0.004719475975426177,0.8786660802387724,0.682454739561418,0.638026045479511,0.24470679999777487,0.020978966012235867,0.025968328856626477,0.018496444604762574,0.008649039972138506,0.18731202042283482,,,,,0.0
0.16262108432870345,0.1718345019134482,0.1613552904070017,0.15740842914071523,0.00862524919646853,0.7545726651670294,0.682454739561418,0.638026045479511,0.24470679999777487,0.029332255935521356,0.03169072749799151,0.028125403437514407,0.02177583418447135,0.18412828826714006,,,,,0.0
0.1619676095121542,0.1667606590787424,0.15827513625747913,0.14692960113671155,0.005044957077179707,0.7493723493167207,0.682454739561418,0.638026045479511,0.24470679999777487,0.03681697759064756,0.03623317900133122,0.03696317988369119,0.03460916733697891,0.1822356548658284,,,,,0.0
0.19076906121900813,0.18333521398278615,0.1696481602901132,0.1606760288920615,0.010578135806989707,0.8306835355587657,0.682454739561418,0.638026045479511,0.24470679999777487,0.046807035764451166,0.047034242336594645,0.04641386294714939,0.04175772936311514,0.18612362270573218,,,,,0.0
0.191317533880113,0.19868080889039544,0.1906172507216225,0.19245067251197429,0.010862931771024044,0.8320835270950965,0.682454739561418,0.638026045479511,0.24470679999777487,0.05590694412282432,0.055777858711915096,0.05555360036217177,0.0505539137231272,0.1901142915829164,,,,,0.0
0.19574045222167683,0.21986699617680924,0.194763651101374,0.19853519236511674,0.018796533626266328,0.8438722847630827,0.6807588223476242,0.638026045479511,0.24470679999777487,0.06463439499684709,0.06321359168140478,0.0647458533504856,0.060902989334167684,0.1969659179271996,,,,,0.0
0.16407981115674672,0.17538618614217574,0.15886741311425867,0.16371828521312431,0.01887790390170471,0.5996373019512221,0.6565509106533297,0.638026045479511,0.24470679999777487,0.06899301773019872,0.06389979250106809,0.07144431616196273,0.07367925702771774,0.1900849484294077,,,,,0.0
0.17960090703419998,0.17637838767796668,0.16828576084978447,0.1592112991258549,0.00862524919646853,0.6554710261048117,0.6423900450517125,0.638026045479511,0.24470679999777487,0.07467080309464091,0.06625465995002117,0.0785387224207667,0.08540972145989897,0.19326868058510246,,,,,0.0
0.21150661509861093,0.2038561236447536,0.17298898745344493,0.16495775975420507,0.025590951625371255,0.7509583173766229,0.6457803092853376,0.638026045479511,0.24470679999777487,0.08337287221450307,0.07521868275627214,0.08644642381346324,0.09147256282424329,0.20257046024736278,,,,,0.0
0.2038744382440457,0.19751942012156373,0.19286816364002807,0.19188732179212054,0.015704463159607798,0.6999593193358705,0.639914508352109,0.638026045479511,0.24470679999777487,0.09039338177548212,0.0793745066629633,0.09431059321166468,0.10276624941063803,0.19683387373641043,,,,,0.0
0.18508574519144785,0.1896493361318042,0.1880109029016036,0.1845633965136113,0.011880060214003825,0.5821203363097435,0.6203826172319423,0.638026045479511,0.24470679999777487,0.094645892658211,0.07468694837798079,0.10194396686410534,0.12337608640280481,0.19247641544036737,,,,,0.0
0.16804762100587453,0.16642237322205264,0.16099988262474818,0.16247887975913666,0.008543878921030148,0.4864843531745734,0.5913832000441841,0.638026045479511,0.24470679999777487,0.09658962584238595,0.06999451222812819,0.10708908623209595,0.13896339437776314,0.1893220264381813,,,,,0.0
0.14832532344865454,0.16027734758050208,0.15175926057190237,0.15605632266761849,0.005940030107001913,0.3875173444643658,0.5537373954027813,0.638026045479511,0.24470679999777487,0.09614454536345063,0.06783588906277865,0.10929334230211746,0.14580531398010046,0.18710661834827388,,,,,0.0
0.1506593904833096,0.150637039360305,0.14630973349284665,0.13971829184034062,0.017575979494690593,0.3979318774707469,0.522559332375956,0.6123484900706537,0.22392959448815591,0.09600265347577719,0.06588670725560575,0.11131172932671046,0.15203997164498176,0.19351809738992648,,,,,0.0
0.22534719312209114,0.22093812423864448,0.21715437663439402,0.21239435401901846,0.0807599983725945,0.649611470809753,0.5388355651133672,0.5955294346833307,0.2976957919967491,0.10421961253735773,0.07381202713571328,0.11764120383042498,0.15606275602869582,0.22271453513109052,,,,,0.0
0.21577783060936276,0.20859174560324004,0.21099399919543715,0.2020281880391781,0.01956955124293096,0.6028898875331979,0.5431590037084777,0.5830631240125412,0.3339418184892436,0.1105847590734817,0.07880480883972873,0.12277526902634445,0.16091398131615706,0.2155841488284746,,,,,0.0
0.22027072559984526,0.22122002012363248,0.2248549247324419,0.2181408235794332,0.023190528499938974,0.6155349470560699,0.5462374824021698,0.5737942397817914,0.36056731826029,0.11684572056276799,0.08484382253815986,0.12722939586289012,0.16323394261425475,0.224020305462228,,,,,0.0
0.21274358808279079,0.2193031771016878,0.21822057922752253,0.2086760434331068,0.01305992920786037,0.5762551672390149,0.5413228156019788,0.5652549625456711,0.36664287659845607,0.12166934563929799,0.08433257549055317,0.132978437168572,0.1754163604484464,0.21923737144030866,,,,,0.0
0.1988563465660094,0.20396890023160472,0.19867311495525064,0.2045070616456907,0.01065950608242809,0.5054949248372721,0.5265070142025364,0.5550346076029091,0.3526442639852636,0.12448186910619158,0.08061187004163106,0.1375527949134966,0.1887754268996544,0.21532006044689622,,,,,0.0
0.21554436441459104,0.20723867073618016,0.19760689763028555,0.1854647658532222,0.01619268481223809,0.5619692744337207,0.5218645086292755,0.5457964073452842,0.3608228287887516,0.12889119027671475,0.08352992748212651,0.14094763000779909,0.1924073041769532,0.2212327058789008,,,,,0.0
0.23013189296948847,0.22020522951633395,0.2164435345694543,0.20608452305063385,0.010944302046462427,0.6079593794373962,0.5240252255453542,0.53890008467623,0.38032403151150396,0.13451053231339005,0.08955563609959716,0.14403981723787923,0.19198996169321272,0.22525271790959372,,,,,0.0
0.22172952679202132,0.23012739662359097,0.22544723876159478,0.22433805168693394,0.015053500956100736,0.5622696566515005,0.5181362086518968,0.5320359860363357,0.38059236634175225,0.1386558497547431,0.09251687461855929,0.14753968788194005,0.19578631376242903,0.21975087662671106,,,,,0.0
0.21496094061109325,0.22618110301743757,0.21972520190638095,0.2162253586968686,0.011310468285935148,0.52542531658677,0.506956625661269,0.5239875144068695,0.3707298962102158,0.14165007839926624,0.09363905443709714,0.15067747659899633,0.20088537880400517,0.21559882040522893,,,,,0.0
0.23876765097759464,0.2286616542745261,0.22639498860620383,0.2140844946208344,0.020301883721876402,0.6069830858198658,0.5095211904796091,0.5181353499029551,0.389018909566781,0.14701921573263937,0.09965616047794895,0.1535195216310009,0.1999720992156648,0.22299329508942325,,,,,0.0
0.21869528426544935,0.23542681991264927,0.22236705274958646,0.22749300870099592,0.018145571422759268,0.5004332610382879,0.49733453988470144,0.510666071199117,0.37555293167260734,0.14963419501022335,0.10167816152731685,0.15514058591354435,0.20101099604553904,0.21637641397320967,,,,,0.0
0.2034076545827678,0.21050849318743522,0.20456112177162145,0.20664786288023368,0.013019244070141177,0.42651424883241285,0.47650909385932594,0.4999270824607864,0.34832551443335913,0.15029194572900606,0.1020412921736939,0.15559456871781646,0.20152664903479253,0.2116081515280447,,,,,0.0
0.2032909400764151,0.20193936907339313,0.19203889474294122,0.19036621616391053,0.017372553806094634,0.42594904518158716,0.45796576312909787,0.4870943316246227,0.33089041051403756,0.15087401227710368,0.10100763290364151,0.15791629930835943,0.20736151495115954,0.20527003037016386,,,,,0.0
0.23336442745604094,0.22764689257084983,0.22426252495536214,0.21059159612580886,0.020220513446438017,0.5406763674036447,0.45895980118079494,0.47705550498823823,0.3541558802712147,0.15476094360600146,0.10434469767639015,0.16109969171397964,0.21010263359033396,0.21263516190084947,,,,,0.0
0.23553504212690943,0.229789117948666,0.2196422057441702,0.21791548393036836,0.01822694169819765,0.5482935354354513,0.45904025311537744,0.4690428460740501,0.37102811462440455,0.15852022741349237,0.10740295820445794,0.16252243917398063,0.20959449309867548,0.21928138617057175,,,,,0.0
0.2747111827221185,0.2641786481706564,0.23516177767144802,0.22445076031009203,0.03120550063061964,0.6699239793099928,0.4799012346367641,0.4674044130275478,0.42410734961645513,0.16629888051561975,0.1197245071942376,0.16671675443907158,0.20443974935593015,0.23060784342493285,,,,,0.0
0.2807795934111297,0.28695457171561656,0.28468190864285403,0.2717746951627933,0.040644452581471986,0.6863061552891939,0.4975726112439818,0.4701357776070947,0.46049537851210676,0.17401477116557784,0.13153735133199745,0.1723828839502513,0.20282177420182,0.24533810648630405,,,,,0.0
0.2837320725737419,0.27500282899543504,0.2702286492626851,0.2724507407891956,0.022865047398185446,0.6945346693057465,0.5107335221095174,0.47533126647874024,0.4810145497910835,0.18132571413359522,0.14061623637246384,0.17923267729860287,0.20661987917144134,0.2536568905060227,,,,,0.0
0.2916326295834055,0.2858270779006221,0.27804764373856494,0.28270420340092,0.030798649253427724,0.7169896229358993,0.5230850436280943,0.4823129168817441,0.49588821282479434,0.18882315569112496,0.14605831074872705,0.18771804779591733,0.21774595953170514,0.26483663199284024,,,,,0.0
0.3009686002654949,0.31976547929669363,0.3010306633636569,0.2881126504496552,0.07953944424101876,0.743130680573484,0.5354955294180636,0.49073698386491094,0.5078994546923021,0.19664972185575125,0.1508996229983361,0.19661800808797064,0.2303743468593493,0.2935929224313737,,,,,0.0
0.3223246406371877,0.31705942801734344,0.3141807604811453,0.3083943568833212,0.06607266365596648,0.7980058975752203,0.5547934710304897,0.5018904052962008,0.5306272414284054,0.20611714533271575,0.16718075591888865,0.20236014081130654,0.22396714698599499,0.317492920964216,,,,,0.0
0.31123821263427287,0.3079264874562805,0.3043478485553579,0.30523947299738596,0.03193783310956508,0.7223968074925567,0.5604211964667334,0.5121004157245028,0.5227713016858979,0.21344415317652654,0.17792395129167565,0.20801244655303125,0.22350447946198262,0.3059023753282765,,,,,0.0
0.30271905758632023,0.30634794894924056,0.30310390147867894,0.30681689641722987,0.054151918304243464,0.6658982854713055,0.5567658829980585,0.5194323158697012,0.4988048004634752,0.21912145203198174,0.18549859576157351,0.21289429565521872,0.22499001548862527,0.28630114878445984,,,,,0.0
0.2979344321030557,0.28785660722810547,0.28630499343186244,0.2872112801334979,0.02335326905081574,0.6340732082553143,0.5480486491201111,0.523303875476907,0.4699899714346278,0.22372343949233375,0.19089321000746656,0.21793853166793925,0.22921522080174592,0.277806305843689,,,,,0.0
0.3143890953030648,0.30431843452724794,0.31204832640066005,0.29543664128986435,0.03214125879816103,0.6892605322241966,0.5478031746105092,0.5263449738743822,0.4630745833360437,0.22972572533307944,0.19705436067111187,0.2247793425382884,0.23622276029999242,0.2894702093634003,,,,,0.0
0.3259423813313902,0.31604464451206815,0.32614622537405347,0.30816903128797957,0.023556694739411695,0.7249764066097407,0.5513506119327797,0.5295892854422353,0.46476677307764924,0.23644728613802024,0.20540491007442246,0.23131612074572322,0.2401940486827878,0.29803841018794286,,,,,0.0
0.33796245102099354,0.32529037254578463,0.32685705791175146,0.3082817314665115,0.03026974246307824,0.7600709725458411,0.5581004407602073,0.5337286753906101,0.4722202390642976,0.24387177620078904,0.21562201699709144,0.23770087711773163,0.24179337425358602,0.30902742117695386,,,,,0.0
0.3436806810088804,0.3308152445160858,0.33240141969659787,0.31797183890760083,0.041173359371821476,0.7763400780775535,0.5636214852320667,0.5383030586682622,0.4758425005943985,0.25122810573481447,0.2248836223685295,0.2449217282663268,0.24613913778161747,0.3239484147361317,,,,,0.0
0.32979343949209894,0.33058968032881075,0.33147734623311187,0.33092960337147925,0.019040644452581475,0.6721848127011733,0.5567276950044006,0.5403856951887632,0.4550933124719626,0.25633212371087055,0.22905417437379277,0.25172107663466164,0.2552648871009321,0.3170087589313223,,,,,0.0
0.3107713917909286,0.3066862484052777,0.3042767830096629,0.30016907338505494,0.06029537409984133,0.5450642117105678,0.537202836852964,0.5375857321806525,0.414435097163797,0.25882459183576256,0.23123641425024694,0.2559844909327383,0.26146582896296255,0.2951921242975982,,,,,0.0
0.31450580980941745,0.30368705771591864,0.3044070695577302,0.28923947726904287,0.021115586476260224,0.5603869204334585,0.5212240153088836,0.5316908020031403,0.3886627927165778,0.2614969520317446,0.2309933138137425,0.261657529026264,0.2731980472553879,0.3028800305168796,,,,,0.0
0.3317773258256297,0.31841244535380053,0.3131856131852504,0.29757745604365404,0.03185646283412669,0.6279203647504806,0.5160694819973112,0.5257958214822447,0.388662373498881,0.26584465673056257,0.22834538468825666,0.26925842705786823,0.29148603302471876,0.3144412329993104,,,,,0.0
0.3192904724747484,0.3229789030321367,0.3246297864563359,0.32343660704774146,0.007770861304365517,0.5451731819273241,0.5021670505887902,0.5178998261130694,0.37199959129455773,0.26838305973811427,0.21970418785759666,0.2761268766607767,0.31492371361143234,0.31156560395545707,,,,,0.0
0.2979344321030557,0.31364301107783676,0.3030447054006685,0.3095211367740378,0.018959274177143094,0.41943520386366184,0.4764170044621757,0.5056930220699647,0.3361027731775159,0.26829346551216793,0.21307379111440145,0.2799501319240362,0.32998374248110096,0.3046552913041565,,,,,0.0
0.29770104027241673,0.30792647136693363,0.3002606473304493,0.29340848925797824,0.02510272997274096,0.4181249400197332,0.45394863816798664,0.49078821516593013,0.3136360563028415,0.2681863257340573,0.20362662843781315,0.28363104353159935,0.34787203694678204,0.2955295705629484,,,,,0.0
0.30575330011289226,0.2957492296934161,0.2973581662006759,0.287323965907337,0.029415354570975227,0.45808379429415436,0.43912073211466085,0.4754726676974798,0.3102157515643611,0.2689891193269217,0.2015387494294471,0.2854690786896545,0.3538956903991408,0.30621047844011795,,,,,0.0
0.31275531530652567,0.3000338656161734,0.3044663259928815,0.29070426518214154,0.00862524919646853,0.4922289390297435,0.42983781338350957,0.4610968757302839,0.3180412513382288,0.270497835536864,0.2000588963877133,0.2873623935144158,0.3593584497790443,0.30939421059581274,,,,,0.0
0.332127394980555,0.3308152296111593,0.33112192647952865,0.31718308461329703,0.04487570690426787,0.57874792746716,0.4321910536475314,0.45013451705200846,0.346465475931649,0.27402742866128293,0.20061371880182094,0.29022792948766657,0.36453499190451155,0.3256503176396367,,,,,0.0
0.3390127700319685,0.32771451384135086,0.3285156079816368,0.30952114040923606,0.019732291793807723,0.6069477258366288,0.436380359189776,0.44232288245504386,0.372702077423106,0.2779902162733835,0.2028496231634042,0.29303335551069726,0.3677304664919766,0.33283939024927006,,,,,0.0
0.31426074280993654,0.32761304041499606,0.318564168759202,0.3190986336429731,0.02896781805606412,0.4462784399202556,0.4235816629032153,0.43314602971916605,0.3613336797674558,0.27880989602832296,0.20253830896672725,0.29382039671072263,0.36966518641829615,0.32231986971639837,,,,,0.0
0.31485591614640906,0.3038674151996732,0.312522259616674,0.2972394457824268,0.01790146059644412,0.449177979935809,0.41234380710701946,0.42323402562217716,0.35521195257091037,0.2796180135009262,0.20209473136148176,0.2933781659818369,0.36926227049663796,0.3288487213720859,,,,,0.0
0.31182167361983704,0.30849030938646316,0.31009359101048717,0.30039440294569897,0.04316693112006184,0.42986023976479815,0.4003485015569752,0.4125606430799138,0.3488718280987783,0.2800101324237265,0.20209810953507185,0.29341271329674207,0.36932834207780807,0.31320882055194466,,,,,0.0
0.28871513874525256,0.3042056855460099,0.2953441632398147,0.2998310389251163,0.02343463932625412,0.2954792558217805,0.37623607190627945,0.39850651401494847,0.3207197916237677,0.2777830683723139,0.20361860869891152,0.2925835271025012,0.3659708661364134,0.30468463445766514,,,,,0.0
0.3089042199637505,0.30724995800480703,0.3095842218078263,0.2980281789076644,0.025916432727124784,0.4049412339235291,0.36805620739129213,0.3853921669158298,0.32854551177267965,0.2780239585473049,0.20308842120041298,0.29323305933351956,0.3678698433885732,0.3141037867339603,,,,,0.0
0.3173066233232841,0.309956039918041,0.3068356914015483,0.30929580460348816,0.027991374750803533,0.4463658432741996,0.3656052326628796,0.3743400587790615,0.3457181173195389,0.27918076011871185,0.20320629879471358,0.2934058091175717,0.36808851690835986,0.32427118942472744,,,,,0.0
0.33259425300596557,0.319201739488012,0.31352925496282125,0.3059155456043936,0.019772976931526916,0.5169598772176806,0.3716703955730011,0.36688570401874016,0.37567720582312825,0.28193557302520666,0.20412820075053634,0.2937996731652727,0.3678645797182053,0.33147493361111513,,,,,0.0
0.3653868277175648,0.3551245875601843,0.339888649857243,0.32225350958447163,0.060173318686683755,0.6412150432946945,0.3945075853793211,0.36614594774227044,0.4315907799888043,0.2880921431989314,0.21168617203835277,0.29542349823884934,0.3627851889446173,0.35324755351457615,,,,,0.0
0.3443808936828636,0.3480663195172764,0.34901077209275666,0.3444507606735969,0.03649456853411449,0.5173429017288939,0.3989724147400449,0.3665754177664985,0.4413271211323217,0.29131524837067324,0.2118303575179032,0.29546495853927585,0.3627094689137951,0.34001379128214904,,,,,0.0
0.33282764483660454,0.3354380964316852,0.3302926685788886,0.3256338241557162,0.030473168151674196,0.4552954490796114,0.39448330929477293,0.3658921658833921,0.4320613014349643,0.29294047406494994,0.212213902102867,0.29564461690567373,0.3626482226833363,0.3289514224093663,,,,,0.0
0.32605909583774284,0.32010371341221555,0.3250800003620403,0.3145915755565245,0.018430367386793607,0.41968533126236474,0.38580969447280783,0.3633615811929042,0.4166782550498942,0.29365462385479935,0.21289015229517333,0.29654981732000946,0.36372926319662857,0.32223184025587226,,,,,0.0
0.35721789055280295,0.3451573485740753,0.33716386915101526,0.3193239380663294,0.02017982830871883,0.5445125855073584,0.39598918313421355,0.3636655468261919,0.44028202527322663,0.29778232727643084,0.21881598794126772,0.2990788428079218,0.36228443931994414,0.3295823002098035,,,,,0.0
0.371688630237215,0.3586650494026994,0.35623743027178467,0.34332396056107617,0.021847918955205665,0.5940635544336158,0.4111292053473089,0.3673718140277977,0.46861355418469575,0.30313382274794565,0.22688581243353517,0.3014420314973035,0.3581328439092586,0.33753429481066327,,,,,0.0
0.35430039971465,0.35268919639701235,0.3583698650464452,0.35312681459750916,0.030025631636763094,0.499448499841458,0.41147566341040337,0.37041607582871183,0.4631009255206476,0.30603275574130007,0.2307042393252015,0.30351500468846276,0.358097698162388,0.32663331328217843,,,,,0.0
0.3629361577227561,0.3553952514007849,0.35848836219470526,0.35245074510932295,0.021807233817486473,0.5315088833713232,0.4153456075147325,0.3737366875966869,0.4654021374867994,0.3096205273769901,0.2349919325117214,0.30736382258703737,0.36113183685925443,0.3345706363062838,,,,,0.0
0.35441711422100264,0.3509978632067864,0.35256483579932385,0.3514366248428369,0.010252654705236177,0.4848592228187495,0.41196646280416166,0.37562023903541386,0.4534354980081759,0.311914720222189,0.23674968907944877,0.3107220386723661,0.3659732392235422,0.3308000410804149,,,,,0.0
0.3460147480435355,0.34400728246072076,0.3449828777983892,0.3401690029274107,0.013670206273648237,0.43947380389742896,0.40301412141963944,0.3750793417141537,0.4332467114592204,0.3130515693474444,0.23746224820754708,0.31310595971354876,0.3700021119128344,0.32579703340718025,,,,,0.0
0.3648033295499342,0.35032132492532164,0.34889233906213035,0.3365634213369796,0.01725049839293706,0.5173997682982806,0.4055930788635036,0.37523652879365804,0.4390597759350668,0.3161795133837414,0.24106613139601302,0.316187775263759,0.37224282452385793,0.332091139834798,,,,,0.0
0.3711051320695844,0.376818167713894,0.3680843815775062,0.34647891179898727,0.030025631636763094,0.5420492136090799,0.4099233307091596,0.376352770543966,0.44704598309158916,0.31971369797639304,0.24569199086099175,0.31849568648802246,0.37178923110588613,0.3429921213632829,,,,,0.0
0.40086357580081067,0.3855338837066047,0.38668404476617957,0.36698595138196566,0.04113267423410228,0.6458601363842623,0.4292027440063111,0.38165569366372476,0.4819091725766834,0.3262363914441766,0.2568402262561786,0.3221579352362653,0.36685727431564685,0.3578984433457063,,,,,0.0
0.44555961724185966,0.43229231821774516,0.4140504600043725,0.39650711018099427,0.08226534846820457,0.7625517291414,0.4686522915768849,0.39492163311519457,0.5482185290209148,0.3371320455360368,0.2799201067021381,0.32993227435047384,0.35703573496485763,0.3876377294267815,,,,,0.0
0.4326059058655677,0.4251324908333941,0.4309205537629851,0.4223098884246246,0.046096261035843605,0.6888673207548853,0.4899652374543908,0.410409460073476,0.5667205544508312,0.3455426187283751,0.29408721689068423,0.336904370301273,0.35545239979374077,0.3709414750803268,,,,,0.0
0.4291048424956514,0.4227083223394049,0.4246534290619004,0.4084506810048266,0.030432483013955004,0.6689344559832787,0.5023169368716478,0.42562502163793325,0.5644533554028247,0.3527609891432697,0.30467274687946005,0.3438488253179253,0.3577751400539315,0.35989377778429843,,,,,0.0
0.4154509928095089,0.4165069091089748,0.4213955683837498,0.4093521503396702,0.03470442247447007,0.5917126209602251,0.5016090084968122,0.43763554094218393,0.5377644374353293,0.3577662652995093,0.30752004124673743,0.351352983382397,0.36978885453150456,0.3473055649290629,,,,,0.0
0.41159989746673387,0.3958732358149587,0.3959246537742175,0.38422538798982686,0.1102567232190081,0.570136940524209,0.4963718533794309,0.44604602128030574,0.507786316447742,0.3618645414102406,0.31041381024374265,0.3574336982851401,0.37887485917478425,0.30747223404099233,,,,,0.0
0.637063842277244,0.6565566587778074,0.6072740503655856,0.6507043273906201,0.26514504251596893,0.9458344755729758,0.62085934185749,0.4812493942180137,0.7308951726336779,0.39076500860530816,0.39256700396157657,0.37636684653275293,0.3262548768250222,0.40316025763288776,,,,,0.0
0.6684560660050094,0.6517307897809815,0.6345456226246468,0.612169099500841,0.08600838113837016,0.9697644548444048,0.7328243051810217,0.5350227069418818,0.8855301382213754,0.4204207007408821,0.45923919171962285,0.396253564077474,0.2926867588097114,0.4342493287753635,,,,,0.0
0.7105846857628307,0.7406698378934017,0.7167397441486747,0.699718440508254,0.16672769437324544,0.9986264866464473,0.8399391974578714,0.6025425771308117,1.0,0.4519593366150447,0.5244442080931602,0.4166930782892561,0.2618586355175915,0.4944468081984771,,,,,0.0
0.6351967076321323,0.6858721886198235,0.6415116845318597,0.6574649099885406,0.13832946824525,0.7509036218205906,0.8737658507156699,0.6642959060146856,0.951981055052642,0.47207072043923903,0.5568081993034466,0.4339125766832688,0.26085254282971204,0.4444900893499024,,,,,0.0
0.6948301980547384,0.6779795260662946,0.6604667728598083,0.6281690691338695,0.12144513609178569,0.8120736899293611,0.9282240125889655,0.7261552068219863,0.952863500818276,0.49692995892465586,0.5980565570160361,0.4553471138878225,0.2585357780522545,0.4883581038454202,,,,,0.0
0.6810596710443098,0.6927501143805971,0.6838051873077986,0.6845071271983062,0.07925464827698443,0.7725319876396856,0.9555840558945938,0.7819009223562265,0.9019546632451052,0.5178829833875338,0.6290100141888595,0.47636705689446196,0.2667694321286428,0.45970451444416727,,,,,0.0
0.6690396013547063,0.6617432225383989,0.6718517649707173,0.6367324864543029,0.06261442694983524,0.7373799851403512,0.9624184583549489,0.8280607806606572,0.8221316417421014,0.5354974038051724,0.6540855536881467,0.4948303356806299,0.27633905484742793,0.437051599935445,,,,,0.0
0.6556191063171365,0.6477619537227386,0.6513446309215861,0.6344789707476045,0.06375361080597258,0.6974875549854881,0.9522800994283037,0.8626696418417257,0.725944574727164,0.5499347041448965,0.6735840614770556,0.5116421462574865,0.2887409041045331,0.4139878812776009,,,,,0.0
0.6161745855668291,0.6591499189812601,0.6251628677451371,0.6415775343566626,0.11102974083567274,0.5859205890852371,0.9138416746862309,0.8815644117969587,0.5950907333076034,0.5585896393750601,0.6829766586064026,0.5271479815883726,0.30968293118255286,0.3738757904311976,,,,,0.0
0.6481503446442916,0.6368249811016622,0.6290723904988904,0.5996620551583869,0.09711542373570936,0.6346034107696515,0.8951582873622506,0.8924066316847875,0.5280358146107592,0.5699931475179975,0.6946278999510445,0.5440358019821487,0.33091898276855436,0.4089702020276119,,,,,0.0
0.6583032053246505,0.6635471939270465,0.6642577372056745,0.6445070578415516,0.09605761015501038,0.6496867074474036,0.8794880697571509,0.8974960371962808,0.4801311760733723,0.5814450501784139,0.7035522471697038,0.5620292047021085,0.3574055227696804,0.44368315262841296,,,,,0.0
0.6822266673795709,0.657909647724232,0.6654425282371543,0.6527324735824669,0.05630823060336059,0.6849070500017088,0.8743567818130323,0.9003938423197602,0.46188135650017603,0.5944794141639343,0.7108440814402259,0.5819366523970426,0.38956558253633544,0.4640619727402104,,,,,0.0
0.7347415024663237,0.7097756430689768,0.7038265573251551,0.6790986542739212,0.1674193417144717,0.7540435824240402,0.8941502426485536,0.9072395982180581,0.49475659676676,0.6121402226144281,0.7242093003175614,0.6038410656678046,0.41904248630302143,0.524508868968148,,,,,0.0
0.8031275769495879,0.7744955241068612,0.7334439657361815,0.6999437731161793,0.17242361365393222,0.8272110174016706,0.9424659811073468,0.9237678364934658,0.5753842318818571,0.6357602550646633,0.7462259031151259,0.6294215514562644,0.44637737272443356,0.5867603691368711,,,,,0.0
0.7886567629010431,0.7818243493615243,0.7862219978634755,0.7595493561694051,0.14394401725049838,0.7832536449387534,0.9644444726227305,0.9420177379261009,0.5897208062669762,0.655513845644237,0.7615635597720416,0.6523831781704377,0.4758086471215006,0.5347789726961956,,,,,0.0
0.7927413616206563,0.7965949953551924,0.8036962715859325,0.7865916877208897,0.11273851661987877,0.7878371353247028,0.9763170966042185,0.9593333764302833,0.5819410440569317,0.6738425397604918,0.7770881302025392,0.6729401602979781,0.5001741804979056,0.5755072697662817,,,,,0.0
0.8310188116715697,0.8053896559543946,0.8028669177918065,0.773070546237689,0.11977704544529884,0.8296389334190534,0.9999999999999999,0.9786030613934272,0.5982127127008716,0.6947026239440416,0.7926543810800106,0.6965305912945441,0.530623186893584,0.6187737496148711,,,,,0.0
0.8011436906160571,0.7915211113278043,0.7814239734663754,0.7870423161277282,0.1859310793767037,0.7340699415793407,0.993074946351024,0.9924347881375108,0.5529299335559192,0.7102378984689869,0.794031356472161,0.7185593876681731,0.5736127699450733,0.5516512859637025,,,,,0.0
0.7979928079472652,0.7846431866224106,0.7865181752010776,0.7444507692737274,0.08975141380853575,0.7240378807791862,0.9777728396680224,0.9999999999999999,0.5007476257924692,0.7239415551222771,0.781930283305728,0.7412100753386739,0.6327683448872288,0.5192124297598262,,,,,0.0
0.7718520305461087,0.7631752262881036,0.7786991583194758,0.7468169611534323,0.08271288498311567,0.6408458226089054,0.9427266274531793,0.9980357775790707,0.42139444751319194,0.7334192283222288,0.7463982202935164,0.7625409683969244,0.7151763180808149,0.48931175633445323,,,,,0.0
0.7152526711038754,0.7611907531986949,0.7105793090728317,0.750648009099346,0.2283656780178201,0.48315573474501383,0.8749167998426535,0.9809537318929693,0.2955058282020462,0.7356700639473129,0.7455606330987281,0.767170608010143,0.7254577977011897,0.40688683812849363,,,,,0.0
0.7581981808599663,0.7325516618572057,0.7232555098217971,0.6964507635822897,0.13039586639000772,0.5587091361812943,0.8400377563059942,0.9593099412213583,0.25751942183901344,0.7425051058971678,0.7494074942989235,0.7724843293708727,0.7319396599478248,0.45398259950996933,,,,,0.0
0.7335745804951953,0.7286053553363149,0.7244402814581223,0.6867606415742499,0.14760567964522558,0.4955087929550436,0.792104475940091,0.9310307577329328,0.20226540638691928,0.7459378418973345,0.7506203593319836,0.7738455842835492,0.7333486321848636,0.400680761161402,,,,,0.0
0.7205041917946171,0.7201489024870114,0.7272835129541436,0.7190986537918385,0.17742788559339273,0.4624789742427954,0.7412012473655116,0.8967639207046891,0.15240522322300354,0.7475832140114488,0.7482436345969843,0.7788967266770281,0.7461844143977516,0.3366246570518934,,,,,0.0
0.7718520305461087,0.7518322963492591,0.7582039852190251,0.723831032526124,0.10187558484885473,0.5560167239784514,0.7259730126121617,0.8658671788486788,0.18046856413776158,0.7548093006505273,0.752910857812666,0.7834572672572608,0.7502368707494733,0.37343564312856703,,,,,0.0
0.7778036895467009,0.7632202298776082,0.7827271336021111,0.7516620064426387,0.06851377191911795,0.5661835443248785,0.7124973021447517,0.838067381601586,0.20625733505148824,0.7620122048151968,0.7573680684005748,0.7891855784127293,0.7568813136665054,0.39821593626667057,,,,,0.0
0.7730191012455027,0.7732552527421377,0.781187096654563,0.7393803871396095,0.09959721713658001,0.5523283838161689,0.6943113296066394,0.8116677252690859,0.21791654044683006,0.7679945059956143,0.7596501850905142,0.795342309737155,0.7667975290524904,0.3622265584882407,,,,,0.0
0.7647333752102554,0.7390687065873569,0.7518066415396574,0.7294648917993286,0.10944302046462429,0.5273766203486839,0.6706083503628386,0.7851262339388776,0.21673545691924148,0.7724812479791253,0.7586155124094369,0.8018030759260828,0.7809971146224104,0.32268665913525724,,,,,0.0
0.776986873912564,0.773029766535315,0.7805947609018601,0.7418592764802636,0.10411326742341023,0.5527386483964251,0.6547846785607749,0.7602735697073988,0.23079860000440441,0.777909841598393,0.7491961159301086,0.8113249341197708,0.8106572824678506,0.36030458193342035,,,,,0.0
0.7670673678807777,0.758710216789565,0.7614026439038737,0.7557183830100701,0.08621180682696612,0.5202476288765273,0.6324338568003225,0.73527896152545,0.22961660920911525,0.7817130575704977,0.7411348565154736,0.8183661313051436,0.8338025035577512,0.3291421529071729,,,,,0.0
0.7746528068779089,0.7571316107645311,0.7756189599092719,0.7464789110806548,0.08242808901908134,0.5376791636775226,0.6153928392851514,0.7113853508868385,0.23878479818477183,0.7860016312544621,0.731613605226308,0.8252553088566772,0.8582555807756709,0.3589401252952654,,,,,0.0
0.8264675036548114,0.7966513756436927,0.8019192501074807,0.7650704659257281,0.16310671711623745,0.6445111937150819,0.6283997476957193,0.6952456334081101,0.303352751326053,0.7956713509608945,0.7316357057643863,0.8337959546175224,0.8754889053688761,0.4178318343872416,,,,,0.0
0.9004551308016758,0.8704476625637668,0.8610354365627407,0.8171267941743534,0.18556491313723097,0.7588333643567572,0.6776809316104893,0.6936063268082822,0.42410007539316685,0.8126872474103793,0.7606717969963483,0.8436080261078454,0.863196203179698,0.48482225384762095,,,,,0.0
0.8793324450785557,0.9370843133473917,0.8822413775916506,0.8881127329211447,0.23280035802921192,0.6879309242276422,0.6995691200001556,0.697301536606463,0.46852147735419436,0.825722411908136,0.7758759019188817,0.8481201934021301,0.8554950606133311,0.4007981337754368,,,,,0.0
0.9146924414733827,0.882399417333651,0.8875725890350342,0.8761691324195875,0.1656698807925465,0.7387859092034491,0.7325579939370144,0.7078035054164977,0.5252024875072927,0.8414671267244153,0.8000600224888592,0.8555828933677632,0.8438222977457688,0.4606141522029372,,,,,0.0
0.952153150254292,0.9309956876140647,0.9043952127207727,0.8903662280244511,0.16632084299605354,0.7868580572454799,0.7750883886704274,0.7259333874843861,0.58872138512985,0.8598980652411475,0.8312080298731164,0.8650218265574225,0.8284394160951714,0.5206649158585073,,,,,0.0
0.935348269171092,0.9289660977732449,0.940291437307215,0.9209015159928073,0.1683957850197323,0.7297679665675231,0.7930857361687491,0.7445539660053432,0.5928074958016147,0.8746959613352364,0.850445479031182,0.8711992792257104,0.8196415872123897,0.4598659017884652,,,,,0.0
0.8792158421184023,0.9020183988995868,0.8779173258995928,0.8809015262261104,0.20769762805647096,0.5590492680550804,0.7688108123365025,0.7538978372366303,0.5155588170754533,0.8818125052492968,0.8585659592829271,0.875822010256583,0.8199997316099432,0.3848941445737173,,,,,0.0
0.8354534423640417,0.863569846753741,0.8464637009147277,0.8636620811453577,0.14512388624435493,0.44704805569699946,0.7188792107740132,0.7499516917658116,0.40489064587752055,0.8833614352020557,0.860944593781305,0.8780400922976472,0.8218504941278821,0.3324872724071656,,,,,0.0
0.8458397320571062,0.8310972133620401,0.8400782048539751,0.8198310721655768,0.0941047235444892,0.467385128393217,0.680871255787721,0.7381009210851613,0.33906752198043033,0.885923373418675,0.8644495539264396,0.8824209789146578,0.8268256206139506,0.36649598732375765,,,,,0.0
0.8827168311241856,0.8680799164823961,0.8715791999203256,0.8255775392449018,0.17376622319866553,0.5366298178530341,0.6680273469488096,0.7256824176646026,0.33433991738344676,0.8923618274890283,0.8682584706787067,0.8923367011560468,0.8426485525662992,0.42923164952537446,,,,,0.0
0.8741977504403659,0.8637953338100354,0.8598507515721617,0.8638874157598275,0.17539362870743316,0.5133680511977953,0.6486737176267048,0.7113207092016942,0.31815852701202824,0.8972352050490985,0.8726634459005369,0.8992051529605429,0.8516546187405349,0.3659091242535835,,,,,0.0
0.8907690537825949,0.9085579495552781,0.9002487000607021,0.8765070647142257,0.25639773790634285,0.5452437701982121,0.6390159189290916,0.6976222392369271,0.32368142388286025,0.9034960672493139,0.8758091649716198,0.9085127966665767,0.8669824549176819,0.4584427588432929,,,,,0.0
0.9201773911768295,0.896155128304195,0.9238241237942729,0.884845069417129,0.14911102974083568,0.599205409542794,0.6445219081424389,0.6879228908780297,0.3569827721384719,0.9124466351623141,0.8792376560119852,0.9203356486958314,0.8870798799060526,0.5122874455317712,,,,,0.0
0.9200607138525433,0.8989740679072552,0.9273901968549597,0.8875494026422441,0.1341795841978925,0.5988330148340527,0.6446939649194394,0.6802027680718528,0.3734641112682493,0.9205317309454798,0.8859855199751485,0.9291112346913684,0.8973479293936257,0.4638272275121407,,,,,0.0
0.9113082041560182,0.8928854045950249,0.9111479904198879,0.8735775225289215,0.0923145774848448,0.5695172468279553,0.6356683335576059,0.6719621671697793,0.36913000392191886,0.9268688447079211,0.8900429079957735,0.93701617199065,0.9088328835439041,0.4304640619727402,,,,,0.0
0.8317189499814203,0.8548878332813344,0.8142399572947373,0.8549859371982105,0.4771552951706742,0.345102053339743,0.5783889704089263,0.6522677335011692,0.27375204060613745,0.9237094164153216,0.8866880400340409,0.9404918493869736,0.9195671987540177,0.2583224519139072,,,,,0.0
0.8377873606704315,0.8282783461409705,0.8277455003306052,0.7836620266113062,0.19195247975914398,0.359821663815593,0.5337169118954702,0.6262940001809414,0.22146327194430246,0.9215289477081455,0.8813398977441194,0.9448174497325148,0.9342238737451429,0.32761630892472016,,,,,0.0
0.8447894130461312,0.8458677612278965,0.850847055668578,0.8240000774153518,0.19541071646527525,0.37746876806026985,0.49997382489042186,0.5977966955490954,0.20044907548357777,0.9203385259916851,0.8765605212176406,0.9488321066312078,0.9476230704106079,0.3981572499596531,,,,,0.0
0.8688295524253379,0.8415831614740134,0.8548750610446895,0.8288452161488642,0.15387119085398104,0.4371428795134228,0.48507561018612844,0.5715910676554011,0.21953224740674904,0.9219476335838656,0.8686689276538018,0.9548575484720079,0.9685281080097321,0.45371851112839096,,,,,0.0
0.8415217786889203,0.8308716519430978,0.8363938114375643,0.8181409483312778,0.10403189714797186,0.36108501708925556,0.4552826902674823,0.5438117997168619,0.20642828600546448,0.9203522237055272,0.8595943106658372,0.9588169279055825,0.9865669838558828,0.41612993148373656,,,,,0.0
0.7683510415403252,0.7994137532593567,0.7674682789171952,0.7995493607478374,0.24834208063794297,0.19477157306003667,0.38751697580868466,0.5060878079599742,0.12361692295648158,0.9107329314475964,0.8691969731071885,0.9553757934209883,0.9689911851331898,0.3265012690913892,,,,,0.0
0.7611157088801855,0.772240509459173,0.7579670739268092,0.7267606657852342,0.24069327474673502,0.18051969368381082,0.3290758950077738,0.4625409329195441,0.07512880901855434,0.901221313085702,0.87557471648179,0.9471253653599534,0.945264813345744,0.23963086312886045,,,,,0.0
0.7073171257697525,0.7194724542667544,0.7133040724036116,0.7103099289721279,0.24923715366776517,0.08319069703141724,0.2515569497752029,0.40997192336782673,0.0,0.8866043094434347,0.8907340846355152,0.9369401643753186,0.9079147211244629,0.14967942604791737,,,,,0.0
0.8052282149715376,0.7773143479379576,0.7022864356108862,0.6695211776063451,0.5330159892591236,0.32433598727870594,0.2481054218709946,0.3671272209815716,0.08097591705796214,0.8843196225368589,0.8845148994089882,0.9304586768425285,0.9016974508007851,0.3419651109904781,,,,,0.0
0.8124635476316772,0.8272635824487847,0.8200450034317491,0.8055212409397305,0.3822368688718012,0.3393663815546937,0.2500479711622299,0.33329579343684507,0.15603095013841417,0.8830609740356284,0.8691973787948093,0.9221875142281049,0.9019283882513431,0.47987793248140376,,,,,0.0
0.7961255989380208,0.8071936092689865,0.807842660133777,0.8036056907420224,0.3959070751454494,0.30559229033421365,0.24250034120571468,0.30450422346759376,0.19799867926004097,0.8800966551648889,0.8561054860846167,0.9139439991525913,0.8997532121568996,0.33703546120101524,,,,,0.0
0.79075732655886,0.78791297089976,0.7932708591088712,0.7858028666004764,0.1882094470889784,0.2942385969311323,0.23397589364935045,0.27952110449367545,0.22971228174811556,0.876814821576459,0.8521219749843536,0.9087062810040176,0.8935760883614121,0.26909138925160286,,,,,0.0
0.7891236209264537,0.7686211508945737,0.7449473035661816,0.7363381166646864,0.2944790268115058,0.29058185075524623,0.22695275923575192,0.2579281533141793,0.25794277071381977,0.8736629993733517,0.8517882572914512,0.9059630454316268,0.8884020891234277,0.16282515881981835,,,,,0.0
0.9157428348484903,0.8850603770290161,0.8354460522371546,0.7974085660016577,0.4932259245697547,0.546283546092058,0.29569048126380537,0.2563767046060852,0.42483168261544757,0.8849593110060435,0.8614143954216669,0.9101020788284238,0.8861172911069108,0.3407620416966211,,,,,0.0
0.8681293397513546,0.9227648707613162,0.8715792200919864,0.9220283139601892,0.49688758696448193,0.43966531722716395,0.32178654490477687,0.26110470065687447,0.4771216596095281,0.8898596284831267,0.8596124988389371,0.9092383387145146,0.8863652130621125,0.16150471691192653,,,,,0.0
0.9205275718779541,0.8893901004319008,0.8677407633853466,0.8448451021077572,0.6029537409984133,0.5240184118238075,0.3722752393125959,0.2764357681202432,0.5654151921620723,0.9001480327398957,0.8670820445585032,0.9119815742869055,0.8836455903299774,0.3790108422952214,,,,,0.0
0.9206441748381075,0.9999999999999999,0.9368557775209135,1.0,0.8224500589934497,0.52419985592661,0.4109281994119709,0.297542013416604,0.6135060549086035,0.9094696177535396,0.872138108984337,0.913750510411975,0.8816270186820652,0.675670124268255,,,,,0.0
0.8776987394461494,0.9091217465353293,0.8583105756800155,0.8820282539008106,1.0000000000000002,0.4278955005028847,0.4148520956013533,0.3153245528597609,0.5858290055399852,0.9131048694526579,0.8654192379516692,0.9112353064919299,0.8839770235982451,0.3149840813392215,,,,,0.0
0.907573860501662,0.8797498378334542,0.8535718895376211,0.8625353367057187,0.43813824809796986,0.4799596688842446,0.43382475091461437,0.3338903470011685,0.5923512971954852,0.9197320416786979,0.8630428714428273,0.9104959472793004,0.8851117536518729,0.4730556492906292,,,,,0.0
0.9760765379450796,0.9514038649184194,0.9078308508595286,0.8697465881308224,0.5266284226372107,0.5844734315125303,0.4868110195670548,0.36086294246323714,0.6623561247766643,0.9333822891833755,0.8782852566636279,0.9143309458115954,0.875999935309248,0.6630378966827565,,,,,0.0
0.9954488407115073,0.9819598280657115,0.9816371885770848,0.9521128046888256,0.5192237275723178,0.6109896777632792,0.5373015224945501,0.39399010313236027,0.7136062090504656,0.9478971022162604,0.9046055179073751,0.9240255581925108,0.8664741271091096,0.8503499171055913,,,,,0.0
0.9976660073294777,0.975070466512357,0.9999999999999999,0.962704360482747,0.4147849790471541,0.6141155366120498,0.5752955157960891,0.4291824924072245,0.7308037098532145,0.9612772900593608,0.9277421623120161,0.933492134517905,0.8600092378693869,1.0,,,,,0.0
0.9661570319132934,0.974969050628672,0.9689728391601896,0.9749859729462969,0.5253671833679157,0.5338325866286723,0.583473654363396,0.4592070528848642,0.6877703431635984,0.9698624785110278,0.9414882780346425,0.9406784339484195,0.8593244381250065,0.8104725714872576,,,,,0.0
0.9668572445872766,0.9413689134612483,0.9248903778415368,0.9161690074378308,0.22307661011432525,0.5350233831878458,0.5869095290960262,0.48401261554052843,0.6443108835263127,0.9777082691286468,0.9532430770225797,0.9464827527192199,0.8580499062720162,0.8909901847151513,,,,,0.0
0.9122417714785739,0.9312212827543055,0.9104371950369291,0.9298029370484069,0.5070588713942796,0.40280874927972665,0.5544568579956479,0.49643391452672786,0.5411850679119886,0.9787043116445658,0.957594215522549,0.9506701549987893,0.8616980271769945,0.7080649657418683,,,,,0.0
0.8807328704265224,0.8530838424502712,0.8597321989005026,0.822197204654034,0.3634403352455348,0.335577569133617,0.5076792617587278,0.49567115135795553,0.4313991977844215,0.976084805490336,0.956281180287996,0.9573243967188068,0.8765964851600574,0.5769304127114541,,,,,0.0
0.856926160060021,0.8615403099007123,0.8619831689109617,0.8412395104759409,0.3286952276333456,0.2874062935685294,0.4546858617363797,0.4829393494604509,0.3317310290532154,0.9710547027910378,0.9521761568868816,0.9629974304091571,0.8926007369651432,0.458325386229258,,,,,0.0
0.8429222040368868,0.8469952520456202,0.8279825159554567,0.8470986917875409,0.4242239309980065,0.2594735583275015,0.4031210511778215,0.4609590889270359,0.25471758154763446,0.9649389075013811,0.9370363962993444,0.971026744206543,0.9255728165908872,0.30527149752783933,,,,,0.0
0.8330026980051005,0.8291239557102311,0.8356592707068672,0.7979718948255283,0.26884739004841535,0.23936871729326714,0.3556358742934244,0.43251322773363243,0.20087745351952668,0.9582972001749345,0.9353213009141379,0.9726712994303328,0.9307931405555807,0.2082483604512977,,,,,0.0
0.8535418483785236,0.8374112946518869,0.8349721135624683,0.7962817314683799,0.29655396883518453,0.29234642811744327,0.3295821502935343,0.40379706843610275,0.19862663641881018,0.9545830047176501,0.9334920619523286,0.9751035871527003,0.9377314720448666,0.3152628412975542,,,,,0.0
0.8573929437212987,0.8384823953887245,0.8566520124936624,0.8366197892229028,0.36006346881484197,0.3023865095939743,0.3109219482668647,0.3765558482745823,0.21090869899774853,0.9516528492393069,0.9295787069315642,0.9787312885860382,0.9493907726537627,0.44517965345735705,,,,,0.0
0.7970591662605767,0.8246703088325508,0.808079619268136,0.8156620641704386,0.43996907929533347,0.1739394933464231,0.26098082117409643,0.3433394508411043,0.1611524077835904,0.9422602841677109,0.9287637208138371,0.9791044268867015,0.9510462937438873,0.2864478645520034,,,,,0.0
0.7993932332952317,0.7790055898807972,0.755005298617367,0.7293521709785339,0.2108303836608487,0.18064023022804965,0.22350592801276717,0.3081944099555612,0.14509227418728837,0.9340230490771538,0.9274121383811738,0.979712501018881,0.9537701216329142,0.36254933317683646,,,,,0.0
0.7836387455871395,0.769308888533329,0.7792915585892831,0.7637183664632398,0.22002522478538591,0.1488358709217219,0.1857171035396568,0.27143464636481657,0.13164621066593002,0.9248099646729856,0.9305106150867051,0.9718904843204523,0.9345369356433968,0.28313208820551944,,,,,0.0
0.7384759204848126,0.7671666575333568,0.7518066272685388,0.7571831808701118,0.42760079742869933,0.06580224620153485,0.13102909671906002,0.2295176235747253,0.08870085876919626,0.9114279906817925,0.9408101462611969,0.9642135742703408,0.9076311862007111,0.12886045863348933,,,,,0.0
0.6964640524154103,0.7062803748033589,0.7083283636471667,0.6899155711594753,0.3571341388990602,0.0,0.0655546662288086,0.18100753108812853,0.033799274952739766,0.894626240433171,0.9506870077584824,0.9509465467275566,0.8698972451145883,0.0,,,,,0.0
0.7171198801131198,0.7057165273683483,0.7168937086280252,0.690704249199918,0.2006997843687701,0.06635560615199598,0.02878034651195638,0.13378778175714556,0.04454417621587514,0.8817326622796574,0.9523394382628902,0.9388956674491318,0.843718560416352,0.07244824601299901,,,,,0.0
0.7369588178125598,0.719551265819876,0.7133988801380552,0.6904789315155203,0.17278977989340494,0.1280417687781098,0.014436402084510247,0.09273098064305194,0.09586406720161278,0.8722837731032015,0.9534986937150156,0.9305623143840682,0.8255972937651681,0.1348317903725113,,,,,0.0
0.7261057444582176,0.7282670309455964,0.7302925569334398,0.70276065125134,0.15338296920135075,0.10768960688701712,0.0,0.056583389545540236,0.1367438724523921,0.862522096060634,0.9508770672024458,0.9198174037468507,0.80678547568742,0.07944658812482577,,,,,0.0
0.7443109021611185,0.7293945861122635,0.7306007064648173,0.7116620117949599,0.19858415720737216,0.16610436645540094,0.0025361601452039695,0.02824543224601847,0.20177598712326053,0.8557242791951435,0.9332223894575757,0.9060943261089014,0.7985852799009114,0.15113191214659838,,,,,0.0
0.7642665915489775,0.7479986684220399,0.7457646826273726,0.7168451662675525,0.23015582407746452,0.22789834424580002,0.019357927066111946,0.009422839610691625,0.28101200535196785,0.851803648012286,0.9066764617754397,0.8924057913826815,0.8002903457825097,0.23420237972974955,,,,,0.0
0.7787374055975222,0.7708874624228338,0.7858192330258663,0.7612395704783524,0.1374343952154278,0.27152508869269165,0.04399415072843052,0.0,0.3592853063015279,0.8498733252460539,0.8745949433806415,0.8794428075107505,0.809584952277735,0.2838363238897284,,,,,0.0
0.8223830536634636,0.8049386123998871,0.8003790693191749,0.7576338483235099,0.17287115016884333,0.3909492051447121,0.09142027737900868,0.003309874060189344,0.4653127228148593,0.8530036452178474,0.8486975038855922,0.87092980488564,0.8210306727331125,0.34624921140274945,,,,,0.0
0.7785039022206841,0.8026835738622445,0.7827271318538782,0.7970704887980029,0.1969974368363237,0.28102233143224287,0.1053164394828068,0.00913635023411044,0.4862688856100057,0.8509329462041212,0.8154742448310919,0.8597772130360295,0.8352464610702561,0.2751360788743966,,,,,0.0
0.7939082835917847,0.7695344781656266,0.7839119396158593,0.7549296615856641,0.1559054477399406,0.32207500056556015,0.12722326557617086,0.0188084493977968,0.5182920254550147,0.8507806849332632,0.795129497560052,0.8527705675687374,0.8435936585999617,0.3314309188808521,,,,,0.0
0.816664749311444,0.7942271807987954,0.8031039067759117,0.7673240637412967,0.21030147687049922,0.38076492285124297,0.1594275691354528,0.03391246883325835,0.5635245256124513,0.8531856476246303,0.7833095669004377,0.848977029336869,0.8490033498921348,0.4073416570078786,,,,,0.0
0.8534251710542374,0.8230805462601837,0.8083165510134213,0.7701409519585792,0.2227918141502909,0.4671535626569777,0.20746786267245038,0.0569843132852991,0.6298739247723659,0.8594690391292551,0.7825794783067048,0.8487697322379117,0.8493920930187864,0.48775656919849175,,,,,0.0
0.8356867970126144,0.8168903957845696,0.8190143262743194,0.7915493722276558,0.2366654461125351,0.4173489192661938,0.23570840849085894,0.08190146790356845,0.6452401282894098,0.8631719924173057,0.7813197385114883,0.8483413164721301,0.8499199275600908,0.40233864933464397,,,,,0.0
0.8535418483785236,0.8385388003973878,0.8442127324442378,0.8067606522297179,0.1618861629846617,0.459535060719947,0.2687914046423385,0.10940252187376245,0.6667566863379573,0.868517340555986,0.7850434265889334,0.8495574603333138,0.8482582176292055,0.4607902111239895,,,,,0.0
0.8890185964617695,0.8583831819266335,0.878805853200254,0.8363944023271801,0.20078115464420848,0.5370543130013615,0.3155281104073172,0.1420938142128878,0.7099766612443812,0.8773176478756305,0.7933286528933023,0.85165807445862,0.8433377708024461,0.5332678002904971,,,,,0.0
0.8925195854675531,0.8830759028662197,0.8869802070848075,0.8557746840562703,0.25501444322389033,0.5444243052240546,0.3538542238898991,0.17701347724842814,0.7285326732683713,0.8856710181862152,0.801326093963276,0.8537379584337128,0.8386937820918312,0.6253026012705585,,,,,0.0
0.841288349676215,0.8646972942400731,0.850017737845349,0.860732399643285,0.17262703934252818,0.39195577130213166,0.3533590791417801,0.20483594937866761,0.6694331886147677,0.8875044415698604,0.8060858249516438,0.8563568131048243,0.8387204126845835,0.5629777432180636,,,,,0.0
0.8614773937126464,0.8347052464900327,0.8378153800717786,0.7958309995610406,0.21253915944505472,0.4401239570521186,0.3639434702898858,0.22951497695442724,0.6432572049494302,0.8914191019362702,0.8137011077310896,0.8600328790177589,0.8377245125751511,0.6396954180665796,,,,,0.0
0.7876065182542009,0.7856579822834517,0.7501481065229212,0.7604507737363118,0.48557711867854675,0.2608760242579544,0.3284465802870316,0.2411387200785582,0.5345436880957147,0.8867068804761725,0.813835629158735,0.8602678148492755,0.8380504318420698,0.4645167916195953,,,,,0.0
0.7266892054437818,0.734242926823446,0.7284089500253732,0.711887400782452,0.35868017413238945,0.14802001623865302,0.2647756181198874,0.2358737616191737,0.3939086715980214,0.8756367679216649,0.8146028634395839,0.8595699115338968,0.8357914927787946,0.33509881306944056,,,,,0.0
0.7230716134778448,0.7345811960486599,0.7294159560249113,0.7206761465502165,0.42060295374099843,0.14184461275627136,0.2130430533731686,0.21982860411982652,0.3041401679426922,0.8652167355220176,0.81166173479847,0.8611453721278763,0.8422284324019074,0.1833506946991593,,,,,0.0
0.698331187060522,0.7082873244873369,0.701694092744927,0.688788770513551,0.23231213637658163,0.09946640479322799,0.15898281956049415,0.19462686159147188,0.22789176718499776,0.8530246838780763,0.8138338014420048,0.8600328746145836,0.8375777184711279,0.0995026335480274,,,,,0.0
0.7517797381980962,0.7319879202482504,0.6970738233353089,0.6678310634923827,0.24935920908092274,0.24239151359903077,0.14913645956669996,0.17221323328673838,0.2511088563080084,0.8479659224340367,0.8131693310154979,0.8609104362963602,0.8400860097286458,0.18949808535923354,,,,,0.0
0.7746528068779089,0.7469952205341558,0.7559530464833877,0.7269859778822877,0.20118800602140038,0.2970909575739282,0.15628092466366236,0.15591653955146484,0.30204558402726556,0.8459446994643306,0.8112909155817081,0.8637849569492009,0.8479723440083116,0.26212239029328477,,,,,0.0
0.7094176894275696,0.7438269142010576,0.7157327258232975,0.7381409192008412,0.2236462020423939,0.17564092288286548,0.12547213792299033,0.13583205184319144,0.2705039959869721,0.8368268443894499,0.8142497509257665,0.8617188945419756,0.8405244760752697,0.18139937499083025,,,,,0.0
0.6595868789841979,0.6988387542997437,0.6601113412144837,0.6875493917427067,0.3659221286464055,0.09875779497509829,0.07422765182734564,0.10804291295974972,0.20634608901167306,0.823009446937515,0.8241357260402209,0.8555207029171232,0.817064193064408,0.0493698557784005,,,,,0.0
0.6672890696697482,0.6644492134234192,0.6633099852069139,0.6597183545231736,0.21510232312136376,0.11860453724303699,0.040978295575577056,0.07820621874151981,0.18929575646456118,0.8113686062565449,0.8301134086798667,0.8489217342590485,0.7971174106467469,0.12701183996244075,,,,,0.0
0.6882950780685821,0.6813621003395479,0.680014252449103,0.6594930606000312,0.20354774400911346,0.1731758344233667,0.029935040423893944,0.051810853973239174,0.21795227701318634,0.8031835503636101,0.8286127697241004,0.8409822496448616,0.7827343832835034,0.20048709634824452,,,,,0.0
0.6746411540183069,0.6521592656206595,0.6365359150759772,0.6404507894055034,0.3616501891858904,0.14941739242332286,0.016280957964415477,0.027571357987270728,0.23590455358507326,0.7942523848845467,0.8307219941665147,0.8348324313059574,0.7679744542280735,0.06999809269502193,,,,,0.0
0.7261057444582176,0.7010937300674231,0.6886624901012026,0.6513803496347847,0.21327149192400016,0.278539341460751,0.038565550319320324,0.01327708882970735,0.3187201052821458,0.7919222686247082,0.8283298968318908,0.8308177744072642,0.7625083107999636,0.14697985592511625,,,,,0.0
0.7647333752102554,0.7483369512045608,0.757137817522067,0.7319437146572508,0.2154278042231173,0.36293143553087714,0.08129603278064981,0.011615748141247634,0.42391659388614183,0.7941301760721148,0.824013281659967,0.8277428652378123,0.7610699746857283,0.22473921272319136,,,,,0.0
0.8138639729796436,0.7941144186832453,0.7863997642182012,0.7534649259922918,0.21961837340819398,0.45754784852897,0.14565979271886698,0.025009097556144444,0.549279492897855,0.8016174769854626,0.8181228359555546,0.8254004066986438,0.7628526394071729,0.30400974192696484,,,,,0.0
0.839304537706817,0.8144098418331759,0.8260869370517755,0.794591641402915,0.23056267545465642,0.5021655054178559,0.2124772174522657,0.051007444831034005,0.6542433986917588,0.8112343357558819,0.818690179898979,0.8256146167831224,0.7626578925241387,0.38722692527765956,,,,,0.0
0.846656547691243,0.8241064415839098,0.8341428396741449,0.808225417593416,0.1932544041661581,0.5150620884862124,0.26994758898200444,0.08495176642620841,0.7204108434830296,0.8207567894814815,0.8174817761294151,0.8252069311675538,0.7631708280370418,0.45699027274461185,,,,,0.0
0.8669623434160935,0.8455294816443842,0.8628124950295427,0.8210705683220367,0.1909353513161642,0.5509672356753875,0.3269649399956085,0.1251492445816823,0.7724819142916195,0.8316412369855223,0.8126375435497832,0.8239009581231711,0.7658905648676039,0.525917340336566,,,,,0.0
0.8795659484553938,0.890855858416573,0.8882833725706606,0.8654648939403278,0.3917165059603727,0.5731095362401314,0.37850323988411866,0.1690959821303166,0.8037026185005152,0.8428973504183251,0.8095762228456709,0.8231339601779823,0.7677271396959189,0.667248639211256,,,,,0.0
0.9283464398877906,0.8985229729894862,0.9071200250658914,0.864788819882436,0.2805647097115424,0.6523007035972447,0.4461773512836579,0.21973299649713438,0.859413662126139,0.8585320038330232,0.8291460852176071,0.828288757725703,0.7564951547699031,0.7684971903930515,,,,,0.0
0.9377990878941663,0.9205096771395581,0.9361449385996653,0.8946479300362349,0.26339558159404375,0.6665934829906598,0.5028759675560805,0.27321172220071516,0.8830770632911773,0.8737338463874932,0.8463576965985078,0.8328078424086849,0.7465872949941049,0.8635543361845097,,,,,0.0
0.9761932152693659,0.9452024081831648,0.9693163916824626,0.9391549364664293,0.27531632694576674,0.7219993123066893,0.5671420709772115,0.3306947869967436,0.9164218584220485,0.8917779114865959,0.8802588670050713,0.8439742514229871,0.7316495239055897,0.9629102539649936,,,,,0.0
0.946201416889567,0.9497125892127106,0.9381589642800964,0.9497465863066783,0.37348956426217506,0.6290900713932287,0.5968780455628904,0.3834829789095171,0.8773268739955605,0.9047523221303501,0.9038720984953643,0.8569717914161743,0.7317923259006914,0.828151821476254,,,,,0.0
0.9676742089496789,0.9334762687281833,0.9430161561804037,0.899605721485945,0.23092884169412914,0.6626500237025553,0.6291183955228401,0.4330881177170208,0.8508210633647668,0.918890364583341,0.9288095189905423,0.8714549584169664,0.7334722682052895,0.911501049017738,,,,,0.0
0.9602054472768339,0.9393393641578297,0.9663546056007287,0.9304789971976575,0.1987875828959681,0.6388765667711082,0.6461407484765194,0.47666588356617867,0.8006301300213705,0.9308473951363926,0.9474403925309647,0.8869607981510281,0.7441949629392349,0.8397423671121935,,,,,0.0
1.0,0.9680912670590561,0.9722782444120152,0.9290141431749239,0.3437080434517271,0.7015485989990121,0.6785023472486746,0.5189304157039165,0.7896946153071355,0.9461121562711955,0.9731667136469371,0.9016581708331235,0.745435064429241,0.9637612054167461,,,,,0.0
0.983895480319049,0.9663998907769328,0.973581290663366,0.9530141263699332,0.359005655234143,0.6486596453851777,0.6900402383501241,0.5553811927246033,0.7412825131240943,0.9581236714660885,0.9928459006011205,0.9140476410973066,0.7487009850284937,0.8342258542525565,,,,,0.0
0.9369821978958967,0.9588455673320605,0.9201516629783394,0.9426480510425352,0.5086049066276089,0.5081104917776574,0.6672343722734635,0.5793252517289728,0.6371369998731777,0.96374931704175,1.0,0.9275219657390477,0.768014228846443,0.650743115362608,,,,,0.0
0.902672446147912,0.9090202955775212,0.9182561091182136,0.8929578173618706,0.17693966394076244,0.41843785903650266,0.625102532490448,0.5888433564772927,0.5170096884418035,0.9650055427247485,0.994585675878896,0.9419153079598166,0.8030876335546648,0.5868630701741515,,,,,0.0
0.9200607138525433,0.895704326962037,0.9154246746082256,0.8704226561405142,0.2122543634810204,0.4554076794491909,0.5983417652509745,0.5903366424496772,0.45018569280402043,0.968085028263873,0.9872584515640508,0.9568821725946843,0.8414359760217927,0.6634780439853871,,,,,0.0
0.9045395807930238,0.8891533368642003,0.907949316826752,0.8868733066956576,0.18292037918548354,0.4143516862808464,0.5648111256922627,0.5838615480038979,0.38383166872308094,0.9691369557532757,0.9767372777834562,0.9696862282504306,0.8789471421117325,0.5974412770140407,,,,,0.0
0.9141090548519512,0.9034276667548241,0.9220471210008071,0.890140825550549,0.21648561780381628,0.4365138416876492,0.5409341850633407,0.5732199146463389,0.3491362088205655,0.9711579571317989,0.9566889474517293,0.9838653647898963,0.9297757833046956,0.6755820948077289,,,,,0.0
0.8685961234126326,0.8808209098582612,0.8703944282875745,0.8788733948706713,0.27149192400016275,0.31876514336026796,0.4928943609490705,0.5537180864313211,0.2753558981323991,0.9679010364109378,0.939167491502199,0.9923023642028506,0.9662062794840198,0.5776053052421544,,,,,0.0
0.8659120987692513,0.8486865852695201,0.8624570889952207,0.8274930677861183,0.19427153260913788,0.31221650821039715,0.45135109768637727,0.5286141110761637,0.22870589063596528,0.9646543956793218,0.925773476501436,0.9982932587287456,0.9931282632759302,0.5074751683563432,,,,,0.0
0.8229665146490278,0.8108017958428694,0.820329394531684,0.8109297043795101,0.26974246307823757,0.21291352115972828,0.3919824487368707,0.49495107930099624,0.15743320961425072,0.9569183788953374,0.9244137449563836,0.998832229424764,0.9957214708787689,0.4101292565912058,,,,,0.0
0.8590267237178378,0.8278273198249261,0.8289539167878482,0.7909860024148097,0.24858619146425812,0.31074940814540253,0.3652205865456758,0.46189920559779213,0.16252242414671436,0.9539483593323427,0.9226790991900773,1.0,1.0,0.49984594844407926,,,,,0.0
0.822149699014891,0.8534221628646371,0.833894110534963,0.8503662983960385,0.2537938890923146,0.229522841568917,0.3219396941040985,0.4255577324543063,0.13512938452983952,0.9471406971149164,0.9255930506218557,0.9985489247104755,0.9938444645464026,0.40825129476664856,,,,,0.0
0.8584432627322737,0.8276018593950271,0.8395925030633747,0.798309991173074,0.12714105537247244,0.3223380363392503,0.3087159677636396,0.39345978846078256,0.17046595490277283,0.945036691578857,0.9260436011878892,0.998044501329362,0.9923267974958403,0.45417333000777593,,,,,0.0
0.8894853801230475,0.8643365412702492,0.8721715254107275,0.8259155634689461,0.15008747304609626,0.39422987127592435,0.3161413351331724,0.3694798951297403,0.23806630790809488,0.9466015983294033,0.9259796503983462,0.9986318409081529,0.9935843552962615,0.5083701345383589,,,,,0.0
0.8585599400565599,0.8583831850094011,0.8456343970226364,0.858478925873591,0.22616868058098377,0.321784032023951,0.303662006409665,0.3474414868260626,0.25423337542973024,0.9445619726253222,0.9248592885879421,0.9944997116905263,0.9864740515144839,0.4267374814771343,,,,,0.0
0.8927530144802583,0.8604127988103901,0.8538087932039297,0.8084507918467361,0.18279832377232597,0.3997091247526271,0.3135586375977319,0.3320744933853003,0.3097873524284622,0.9465372040213479,0.921800387868903,0.9918324881366427,0.9844682326236263,0.49273023371821767,,,,,0.0
0.907573860501662,0.891532389486425,0.9066461182012989,0.8587043055295158,0.2025306155661337,0.4318389121897953,0.3296198107456257,0.32345469532470894,0.3659723663510059,0.9499803443837033,0.9127855197402179,0.9877694667583528,0.9862304411392497,0.5658387006851626,,,,,0.0
0.9158595121727765,0.8925471860040638,0.900248698499316,0.8847323679044732,0.18690752268196428,0.4500572070208365,0.34653130031389356,0.3204271530374758,0.4125400067972792,0.9540213745344815,0.9092829666649915,0.985972891900724,0.9864746766973056,0.6333132821784357,,,,,0.0
0.9372156269086019,0.9182546938280615,0.9247719185883857,0.8785353190431098,0.1633508279425526,0.4966899106942163,0.37150915109580845,0.32371849672571723,0.4651584173372165,0.960063797546184,0.9041304993672865,0.9841694084607495,0.9885300802812531,0.6922930207309379,,,,,0.0
0.975843183296507,0.9527906926276665,0.9610827826153746,0.9180846608887507,0.2093657187029578,0.5737369207044408,0.4125554640451149,0.33574041316031444,0.537859343228198,0.9698468512634323,0.9073557426950365,0.985095334622123,0.9868333154220079,0.7678663125926142,,,,,0.0
0.9586882702404483,0.9262601196127521,0.9503613255788702,0.9205634253318216,0.23219008096342406,0.5216814717218893,0.43331815846588045,0.3501071584220775,0.5573851214037455,0.9767813593626761,0.8975115631665176,0.9826492253318881,0.9927801400264211,0.6840622661717455,,,,,0.0
0.9073404314889567,0.9377608536389447,0.9229948798352398,0.925295794371582,0.18174051019162699,0.38215201328547765,0.41808919141018386,0.3581171148928775,0.504451087838842,0.9773180214880647,0.8839975926775143,0.9781163234842145,0.9985697656656172,0.6184509749262752,,,,,0.0
0.9352316662109387,0.9059646078802738,0.9330647415983918,0.9006197350162481,0.15199967451889826,0.44390033387904315,0.42086667462455574,0.3651603953451289,0.4964014164568097,0.9809200358249276,0.883712496107913,0.9780126727331482,0.9986756949516107,0.6733373435643129,,,,,0.0
0.9298634681959107,0.9142068989040092,0.9333017991655909,0.9071549907784557,0.09695268318483259,0.42950254233973495,0.4183990816304716,0.3702305880246713,0.47997118763820285,0.9835791786858813,0.886624368094302,0.9796226806420332,0.998707879203987,0.6383016182749159,,,,,0.0
0.9449177432300196,0.9211862586407101,0.9505983602483551,0.9009578995626335,0.07193132348753001,0.46406774972692333,0.4237140250410871,0.37550247039316065,0.48165069109749503,0.9876671785781067,0.8902341800620825,0.9810944904849463,0.9976887534771384,0.6643143238603852,,,,,0.0
0.9501291816532084,0.9243866133773554,0.9551779372122254,0.9199204259232343,0.20000813702754383,0.4762330194519092,0.4293479357320103,0.38100866437249314,0.4836018427057806,0.9919481519046266,0.8959260588956017,0.9837938968484965,0.9968470140459744,0.7365131530685602,,,,,0.0
0.9536381276211964,0.9302379732872536,0.9657324445398437,0.9240612840666063,0.08283494039627325,0.48482552518065825,0.43417853496620523,0.38651855998114715,0.48363266678649086,0.9962134900647156,0.9011974670758471,0.9861344532158525,0.9957452822957382,0.7664578412241962,,,,,0.0
0.9529883338292183,0.9339295606174424,0.9434360949926194,0.9287040252454575,0.1660360470320192,0.48255265118885793,0.4359088179576025,0.3913222575154147,0.4777520384059805,0.9999999999999999,0.9069763455469213,0.9911314013253838,0.9994498632466695,0.7065097786059067,,,,,0.0
